time(s),S1,S2,S3,S4,S5,S6,S7,S8,S9,S10,Temp,Humid
0.0,1375,1017,1517.875,1233.625,1654.125,2288.25,2425.75,2073.5,2541,811.75,41.35,40.07
0.1,1375,1017,1517.875,1233.625,1654.125,2288.375,2425.75,2073.625,2541,811.75,41.38,40.04
0.2,1375.125,1017,1517.875,1233.625,1654.25,2288.375,2425.75,2073.625,2541,811.75,41.37,40.04
0.3,1375.125,1017,1517.875,1233.625,1654.125,2288.375,2425.75,2073.5,2541,811.75,41.38,40.03
0.4,1375.125,1017,1517.875,1233.625,1654.25,2288.375,2425.75,2073.625,2541,811.75,41.38,40.1
0.5,1375.125,1017,1517.875,1233.625,1654.125,2288.375,2425.75,2073.625,2541,811.75,41.37,40.1
0.6,1375.125,1017,1517.875,1233.625,1654.25,2288.375,2425.75,2073.625,2541,811.75,41.37,40.04
0.7,1375.125,1017,1517.875,1233.75,1654.25,2288.375,2425.75,2073.625,2540.875,811.75,41.37,40.1
0.8,1375.125,1017.125,1517.875,1233.625,1654.25,2288.375,2425.75,2073.625,2541,811.75,41.38,40.07
0.9,1375.125,1017.125,1517.875,1233.75,1654.25,2288.375,2425.75,2073.75,2540.875,811.875,41.38,40.05
1.0,1375.125,1017,1517.875,1233.75,1654.25,2288.375,2425.75,2073.75,2540.875,811.75,41.4,40.12
1.1,1375.125,1017.125,1517.875,1233.75,1654.375,2288.375,2425.75,2073.75,2540.875,811.75,41.38,40.1
1.2,1375.125,1017,1517.875,1233.75,1654.25,2288.375,2425.75,2073.625,2540.875,811.75,41.38,40.04
1.3,1375.125,1017.125,1517.875,1233.75,1654.25,2288.25,2425.75,2073.75,2540.875,811.75,41.37,40.08
1.4,1375.125,1017.125,1517.875,1233.75,1654.375,2288.25,2425.75,2073.75,2540.875,811.75,41.37,40.07
1.5,1375.125,1017.125,1517.875,1233.75,1654.375,2288.25,2425.625,2073.75,2540.75,811.75,41.4,40.07
1.6,1375.125,1017.125,1517.875,1233.75,1654.375,2288.25,2425.625,2073.75,2540.75,811.75,41.37,40.1
1.7,1375.125,1017.125,1517.875,1233.75,1654.375,2288.25,2425.625,2073.75,2540.75,811.75,41.4,40.09
1.8,1375.125,1017.125,1517.875,1233.75,1654.375,2288.125,2425.625,2073.75,2540.75,811.75,41.38,40.07
1.9,1375.125,1017.125,1517.875,1233.75,1654.375,2288.125,2425.625,2073.75,2540.75,811.75,41.4,40.03
2.0,1375.125,1017,1517.875,1233.75,1654.375,2288.125,2425.625,2073.75,2540.75,811.75,41.38,40.07
2.1,1375.125,1017,1517.875,1233.75,1654.375,2288.125,2425.625,2073.75,2540.75,811.75,41.38,40.1
2.2,1375.125,1017.125,1517.875,1233.75,1654.375,2288.125,2425.625,2073.75,2540.75,811.75,41.4,40.06
2.3,1375.125,1017,1517.875,1233.75,1654.25,2288,2425.625,2073.75,2540.75,811.75,41.4,40.06
2.4,1375.125,1017.125,1517.875,1233.75,1654.375,2288,2425.5,2073.75,2540.75,811.75,41.41,40.06
2.5,1375.125,1017.125,1517.875,1233.75,1654.25,2288,2425.5,2073.75,2540.75,811.75,41.4,40.04
2.6,1375.25,1017.125,1517.875,1233.75,1654.25,2288,2425.5,2073.75,2540.75,811.75,41.38,40.04
2.7,1375.25,1017.125,1517.875,1233.75,1654.375,2288,2425.5,2073.75,2540.625,811.75,41.38,40.03
2.8,1375.125,1017.125,1517.875,1233.75,1654.375,2288,2425.5,2073.75,2540.625,811.75,41.4,40.1
2.9,1375.125,1017.125,1517.875,1233.75,1654.25,2288,2425.5,2073.75,2540.625,811.625,41.38,40.1
3.0,1375.125,1017.125,1517.875,1233.75,1654.25,2287.875,2425.5,2073.75,2540.625,811.75,41.4,40.04
3.1,1375.125,1017.125,1517.875,1233.75,1654.25,2287.875,2425.5,2073.75,2540.625,811.625,41.42,40.03
3.2,1375.125,1017.125,1517.875,1233.75,1654.25,2287.875,2425.5,2073.75,2540.625,811.75,41.41,40.1
3.3,1375.125,1017.125,1517.875,1233.75,1654.25,2287.875,2425.5,2073.75,2540.5,811.625,41.4,40.06
3.4,1375.125,1017.125,1517.875,1233.75,1654.25,2287.875,2425.5,2073.75,2540.625,811.625,41.41,40.09
3.5,1375.25,1017.125,1517.875,1233.75,1654.25,2287.875,2425.375,2073.75,2540.625,811.625,41.37,39.99
3.6,1375.25,1017.125,1517.875,1233.75,1654.25,2287.875,2425.5,2073.75,2540.625,811.625,41.4,40.07
3.7,1375.125,1017.125,1517.875,1233.75,1654.25,2287.75,2425.375,2073.75,2540.5,811.625,41.38,40.01
3.8,1375.25,1017.125,1517.875,1233.75,1654.25,2287.75,2425.375,2073.75,2540.5,811.625,41.37,40.07
3.9,1375.25,1017.125,1517.875,1233.75,1654.25,2287.75,2425.375,2073.75,2540.625,811.625,41.38,40.07
4.0,1375.25,1017.125,1517.875,1233.75,1654.25,2287.75,2425.375,2073.875,2540.5,811.625,41.38,40.05
4.1,1375.25,1017.125,1518,1233.75,1654.125,2287.75,2425.375,2073.875,2540.5,811.625,41.4,40.01
4.2,1375.25,1017.125,1517.875,1233.75,1654.25,2287.75,2425.375,2073.875,2540.5,811.625,41.41,40.04
4.3,1375.25,1017.125,1518,1233.875,1654.25,2287.75,2425.375,2073.75,2540.5,811.625,41.4,40.06
4.4,1375.25,1017.125,1518,1233.75,1654.25,2287.625,2425.25,2073.75,2540.5,811.5,41.38,40.05
4.5,1375.25,1017.125,1518,1233.75,1654.25,2287.625,2425.375,2073.875,2540.5,811.5,41.4,40.01
4.6,1375.25,1017.125,1518,1233.75,1654.25,2287.75,2425.375,2073.875,2540.5,811.5,41.38,40.05
4.7,1375.25,1017.125,1518,1233.75,1654.25,2287.75,2425.375,2073.875,2540.5,811.625,41.38,40.08
4.8,1375.25,1017.125,1518,1233.75,1654.25,2287.625,2425.375,2073.875,2540.5,811.5,41.38,40.04
4.9,1375.25,1017.125,1518,1233.75,1654.25,2287.75,2425.375,2073.875,2540.5,811.5,41.4,40.07
5.0,1375.25,1017.125,1518,1233.75,1654.125,2287.625,2425.375,2073.875,2540.5,811.375,41.4,40.03
5.1,1375.375,1017.125,1517.875,1233.625,1654.25,2287.625,2425.25,2073.875,2540.5,811.5,41.41,40.01
5.2,1375.375,1017.125,1517.75,1233.625,1654.25,2287.625,2425.25,2073.75,2540.5,811.5,41.42,40.07
5.3,1375.375,1017.125,1517.75,1233.5,1654.25,2287.625,2425.375,2073.75,2541.125,811.375,41.41,40.03
5.4,1375.375,1017.125,1517.75,1233.5,1654.25,2287.75,2425.375,2073.75,2542.75,811.375,41.38,40.03
5.5,1375.375,1017.25,1517.75,1233.625,1654.375,2288,2425.375,2073.75,2545.125,811.375,41.4,40.03
5.6,1375.375,1017.625,1517.625,1233.75,1654.5,2288.75,2425.875,2073.75,2547.875,811.5,41.4,40
5.7,1375.5,1018,1517.625,1234.125,1654.625,2290,2426.75,2074,2550.75,811.75,41.4,40
5.8,1375.5,1018.75,1517.625,1234.875,1655.125,2291.75,2427.875,2074.25,2553.5,812.25,41.4,39.97
5.9,1375.75,1019.625,1517.625,1236.25,1655.75,2294.25,2429.25,2075,2556.125,813,41.38,40
6.0,1376.125,1021,1517.75,1238.25,1656.75,2297.5,2431.125,2076.25,2559.125,814,41.41,40.01
6.1,1376.75,1022.625,1517.875,1240.875,1658.125,2301.375,2433,2078.25,2562.625,815,41.4,40.06
6.2,1377.625,1024.875,1518.25,1244,1659.75,2305.625,2435,2081.25,2566.375,816.25,41.4,40.07
6.3,1379.125,1027.375,1518.75,1248.125,1661.875,2310.5,2437.5,2085.375,2570,817.75,41.41,40.04
6.4,1381.125,1030.375,1519.5,1253,1664.5,2315.875,2440,2090.625,2574,819.375,41.4,40.01
6.5,1383.625,1033.75,1520.375,1258.625,1667.5,2321.375,2442.375,2096.875,2578,821.25,41.4,40
6.6,1386.875,1037.75,1521.5,1265.125,1670.875,2327.125,2445.125,2104.25,2582.125,823.5,41.4,40.06
6.7,1390.625,1042.125,1522.75,1272.375,1674.625,2333.125,2447.75,2112.75,2586.625,825.75,41.41,40.06
6.8,1394.875,1047,1524.125,1280.375,1678.75,2339.25,2450.5,2122.125,2591,828.25,41.42,40.07
6.9,1399.875,1052.375,1525.875,1289.125,1683.25,2345.375,2453.125,2132.625,2595.625,830.875,41.42,40.09
7.0,1405.5,1058.25,1527.5,1298.75,1688,2351.75,2455.875,2143.75,2600.75,833.75,41.4,40.07
7.1,1411.625,1064.5,1529.375,1308.75,1693.125,2357.875,2458.625,2155.625,2605.625,836.75,41.41,40.1
7.2,1418.375,1071.125,1531.25,1319.75,1698.375,2364,2461.125,2168.125,2610.375,840,41.38,40.1
7.3,1425.625,1078.25,1533.375,1331.375,1704,2370.125,2463.875,2181.375,2615.375,843.25,41.4,40.19
7.4,1433.125,1085.5,1535.375,1343.25,1709.625,2376,2466.5,2195,2620.375,846.625,41.42,40.22
7.5,1441.125,1093.25,1537.5,1355.75,1715.5,2381.75,2469,2209.25,2625.125,849.875,41.4,40.2
7.6,1449.75,1101.125,1539.75,1368.625,1721.375,2387.5,2471.5,2224.125,2629.75,853.375,41.41,40.26
7.7,1458.625,1109.375,1541.875,1381.75,1727.375,2393,2473.875,2239.25,2634.5,856.875,41.41,40.28
7.8,1468,1117.875,1544.125,1395.25,1733.625,2398.375,2476.25,2254.875,2639.625,860.875,41.42,40.36
7.9,1477.75,1126.625,1546.25,1409.125,1739.875,2403.625,2478.625,2271,2644.625,864.75,41.41,40.4
8.0,1487.625,1135.5,1548.5,1423,1746.125,2408.625,2480.75,2287,2649.625,868.75,41.38,40.46
8.1,1498,1144.625,1550.625,1437.25,1752.5,2413.5,2483,2303.5,2654.625,872.75,41.38,40.55
8.2,1508.5,1154,1552.875,1451.75,1758.875,2418.125,2485.125,2320.25,2659.625,876.625,41.4,40.58
8.3,1519.25,1163.375,1554.875,1466.125,1765.125,2422.625,2487.25,2337,2664.625,880.75,41.4,40.68
8.4,1530.375,1173.125,1557,1480.75,1771.5,2427,2489.125,2354,2669.25,884.875,41.4,40.78
8.5,1541.5,1182.875,1559,1495.375,1777.75,2431.25,2491.125,2371.125,2674.125,889.125,41.4,40.92
8.6,1552.75,1192.625,1561,1509.875,1783.875,2435.25,2492.875,2388.25,2678.75,893.25,41.4,40.94
8.7,1564.25,1202.625,1563,1524.5,1790,2439.125,2494.75,2405.5,2683.625,897.5,41.38,41.03
8.8,1576,1212.75,1564.875,1539.125,1796.125,2442.875,2496.5,2422.875,2688.375,901.75,41.41,41.17
8.9,1587.625,1222.625,1566.75,1553.625,1802.125,2446.5,2498.25,2440.125,2692.875,906,41.4,41.29
9.0,1599.375,1232.875,1568.625,1568,1808,2450.125,2499.875,2457.5,2697.5,910.375,41.38,41.34
9.1,1611.125,1243,1570.375,1582.125,1813.875,2453.375,2501.5,2474.75,2701.875,914.75,41.4,41.44
9.2,1623.125,1253.125,1572.125,1596.375,1819.5,2456.625,2503.125,2492.125,2706.5,919,41.38,41.59
9.3,1635.125,1263.25,1573.875,1610.375,1825.25,2459.625,2504.625,2509.375,2710.75,923.375,41.4,41.72
9.4,1646.875,1273.375,1575.5,1624,1830.75,2462.625,2506.125,2526.375,2715.25,927.75,41.41,41.88
9.5,1658.75,1283.5,1577.125,1637.625,1836.25,2465.375,2507.5,2543.5,2719.875,932.125,41.41,41.97
9.6,1670.625,1293.625,1578.75,1651.125,1841.625,2468.125,2509,2560.375,2724.625,936.5,41.38,42.08
9.7,1682.25,1303.625,1580.25,1664.125,1846.875,2470.625,2510.25,2577,2729,940.75,41.41,42.2
9.8,1694.125,1313.625,1581.75,1677.25,1852,2473.125,2511.5,2593.75,2733.25,945.25,41.41,42.35
9.9,1705.75,1323.625,1583.25,1690.125,1857.125,2475.5,2512.875,2610.25,2737.5,949.75,41.4,42.45
10.0,1717.25,1333.25,1584.75,1702.625,1862,2477.75,2514.125,2626.5,2741.625,954.25,41.4,42.62
10.1,1728.75,1343,1586.125,1715.125,1866.875,2480,2515.25,2642.75,2745.875,958.625,41.38,42.74
10.2,1740.125,1352.75,1587.5,1727.25,1871.5,2482.125,2516.375,2658.75,2750.125,963,41.4,42.85
10.3,1751.375,1362.125,1588.875,1739.25,1876.125,2484.125,2517.5,2674.5,2754.375,967.25,41.4,43.02
10.4,1762.5,1371.625,1590.25,1750.875,1880.625,2486.125,2518.5,2690.125,2758.625,971.625,41.4,43.13
10.5,1773.5,1381.125,1591.5,1762.5,1885,2488,2519.625,2705.625,2762.75,975.875,41.38,43.26
10.6,1784.25,1390.25,1592.75,1773.625,1889.25,2489.875,2520.625,2720.625,2766.75,980.125,41.4,43.37
10.7,1795,1399.375,1594,1784.625,1893.375,2491.625,2521.5,2735.75,2770.875,984.25,41.4,43.53
10.8,1805.625,1408.5,1595.25,1795.375,1897.5,2493.25,2522.5,2750.5,2775,988.375,41.4,43.69
10.9,1816,1417.25,1596.5,1805.875,1901.375,2494.875,2523.375,2765,2778.875,992.5,41.41,43.81
11.0,1826.25,1426.125,1597.75,1816.25,1905.25,2496.5,2524.375,2779.5,2782.625,996.625,41.38,43.96
11.1,1836.375,1434.875,1598.875,1826.25,1909,2498,2525.25,2793.75,2786.625,1000.75,41.4,44.05
11.2,1846.25,1443.375,1600,1836,1912.625,2499.375,2526.125,2807.625,2790.375,1004.875,41.37,44.21
11.3,1856,1451.75,1601.125,1845.625,1916.25,2500.75,2526.875,2821.5,2794,1008.875,41.38,44.3
11.4,1865.75,1460.125,1602.25,1855.125,1919.625,2502.25,2527.625,2835.125,2797.625,1013,41.41,44.48
11.5,1875.125,1468.25,1603.375,1864.25,1922.875,2503.5,2528.375,2848.375,2801.375,1017,41.38,44.63
11.6,1884.5,1476.375,1604.5,1873.125,1926.25,2504.625,2529.25,2861.625,2805.125,1020.875,41.4,44.75
11.7,1893.625,1484.25,1605.5,1882,1929.375,2505.875,2529.875,2874.5,2808.625,1024.875,41.4,44.85
11.8,1902.625,1492,1606.5,1890.375,1932.375,2507,2530.625,2887.125,2812.25,1028.75,41.41,45
11.9,1911.5,1499.75,1607.625,1898.75,1935.375,2508.125,2531.25,2899.5,2815.625,1032.625,41.4,45.13
12.0,1920.25,1507.25,1608.75,1907,1938.375,2509.125,2532,2911.75,2819,1036.5,41.38,45.21
12.1,1928.625,1514.625,1609.625,1914.875,1941.25,2510.25,2532.625,2923.75,2822.5,1040.25,41.4,45.36
12.2,1937.125,1522,1610.75,1922.75,1944,2511.25,2533.25,2935.5,2826.125,1044.125,41.38,45.44
12.3,1945.25,1529.125,1611.625,1930.375,1946.75,2512.25,2533.875,2947.125,2829.5,1047.875,41.38,45.59
12.4,1953.25,1536.25,1612.75,1937.75,1949.25,2513.125,2534.375,2958.5,2832.875,1051.625,41.4,45.7
12.5,1961.25,1543.125,1613.75,1945.125,1951.875,2514.125,2535.125,2969.75,2836,1055.375,41.4,45.78
12.6,1969,1549.875,1614.75,1952.125,1954.25,2514.875,2535.625,2980.75,2839.25,1059,41.38,45.87
12.7,1976.625,1556.625,1615.625,1959.125,1956.625,2515.75,2536.25,2991.5,2842.375,1062.625,41.4,46.01
12.8,1984.125,1563.125,1616.75,1965.875,1958.875,2516.625,2536.75,3002.25,2845.625,1066.25,41.4,46.13
12.9,1991.375,1569.5,1617.625,1972.5,1961.25,2517.375,2537.25,3012.5,2848.75,1069.875,41.38,46.23
13.0,1998.625,1575.875,1618.625,1978.875,1963.375,2518.125,2537.875,3022.625,2851.875,1073.5,41.38,46.32
13.1,2005.75,1582.125,1619.5,1985.25,1965.5,2518.875,2538.375,3032.625,2855,1077,41.38,46.42
13.2,2012.625,1588.125,1620.5,1991.25,1967.5,2519.625,2538.75,3042.375,2857.875,1080.5,41.41,46.56
13.3,2019.5,1594.25,1621.375,1997.375,1969.5,2520.375,2539.25,3052,2860.875,1084,41.38,46.59
13.4,2026.25,1600.125,1622.375,2003.25,1971.5,2521,2539.75,3061.5,2863.875,1087.5,41.4,46.69
13.5,2032.875,1605.875,1623.25,2008.875,1973.5,2521.625,2540.125,3070.5,2866.75,1090.875,41.41,46.8
13.6,2039.25,1611.625,1624.25,2014.5,1975.25,2522.25,2540.5,3079.625,2869.5,1094.125,41.38,46.88
13.7,2045.75,1617.125,1625.125,2020.125,1977.125,2522.875,2541,3088.5,2872.5,1097.5,41.4,47.01
13.8,2052,1622.625,1626,2025.375,1978.875,2523.5,2541.5,3097,2875.375,1100.875,41.4,47.08
13.9,2058.125,1628,1626.875,2030.75,1980.625,2524.125,2541.875,3105.5,2878.125,1104.125,41.4,47.16
14.0,2064.125,1633.375,1627.875,2035.875,1982.25,2524.625,2542.25,3113.875,2881,1107.375,41.41,47.24
14.1,2070,1638.5,1628.75,2041,1983.875,2525.125,2542.625,3121.875,2883.5,1110.625,41.38,47.35
14.2,2075.875,1643.625,1629.625,2046,1985.375,2525.625,2543,3129.875,2886.375,1113.75,41.4,47.38
14.3,2081.625,1648.625,1630.5,2050.875,1987,2526.125,2543.375,3137.625,2889.125,1117,41.41,47.52
14.4,2087.125,1653.5,1631.375,2055.625,1988.5,2526.625,2543.75,3145.125,2891.75,1120,41.4,47.58
14.5,2092.75,1658.375,1632.375,2060.25,1990,2527.125,2544.125,3152.625,2894.375,1123.125,41.38,47.65
14.6,2098.125,1663.125,1633.125,2064.875,1991.375,2527.625,2544.5,3160,2896.875,1126.25,41.38,47.77
14.7,2103.5,1667.75,1634,2069.375,1992.75,2528,2544.75,3167.125,2899.5,1129.25,41.41,47.83
14.8,2108.625,1672.25,1634.875,2073.75,1994.125,2528.5,2545.125,3174.25,2902,1132.25,41.38,47.9
14.9,2113.875,1676.625,1635.75,2078,1995.5,2528.875,2545.375,3181.125,2904.5,1135.25,41.4,47.95
15.0,2118.875,1681,1636.75,2082.25,1996.75,2529.375,2545.75,3187.75,2907,1138.125,41.4,48.04
15.1,2123.75,1685.25,1637.5,2086.375,1998,2529.75,2546,3194.375,2909.375,1141.125,41.38,48.12
15.2,2128.75,1689.625,1638.375,2090.375,1999.25,2530.125,2546.375,3200.875,2911.875,1144,41.37,48.17
15.3,2133.5,1693.625,1639.375,2094.375,2000.5,2530.5,2546.625,3207.125,2914.375,1146.875,41.37,48.26
15.4,2138.25,1697.75,1640.125,2098.25,2001.625,2531,2546.875,3213.375,2916.875,1149.875,41.4,48.3
15.5,2142.875,1701.75,1641,2102.125,2002.75,2531.25,2547.25,3219.375,2919.25,1152.625,41.4,48.39
15.6,2147.375,1705.625,1641.875,2105.75,2003.875,2531.625,2547.5,3225.375,2921.625,1155.375,41.4,48.44
15.7,2151.875,1709.5,1642.625,2109.5,2004.875,2532,2547.75,3231.125,2924,1158,41.4,48.49
15.8,2156.25,1713.25,1643.5,2113,2005.875,2532.25,2548.125,3236.75,2926.375,1160.875,41.41,48.53
15.9,2160.5,1717,1644.25,2116.5,2006.875,2532.625,2548.25,3242.375,2928.625,1163.5,41.41,48.64
16.0,2164.75,1720.625,1645.125,2120,2007.875,2532.875,2548.5,3247.75,2930.875,1166.125,41.38,48.69
16.1,2169,1724.25,1646,2123.375,2008.875,2533.25,2548.75,3253,2933,1168.875,41.41,48.77
16.2,2173.125,1727.75,1646.875,2126.625,2009.875,2533.5,2548.875,3258.375,2935.25,1171.5,41.4,48.87
16.3,2177.125,1731.25,1647.625,2130,2010.75,2533.75,2549.25,3263.5,2937.375,1174.125,41.4,48.92
16.4,2181.125,1734.625,1648.5,2133.125,2011.625,2534.125,2549.375,3268.375,2939.625,1176.75,41.41,48.94
16.5,2185,1737.875,1649.25,2136.25,2012.625,2534.375,2549.75,3273.375,2941.75,1179.375,41.4,48.98
16.6,2188.875,1741.25,1650.125,2139.375,2013.5,2534.625,2549.875,3278.25,2944,1181.875,41.4,49
16.7,2192.75,1744.375,1650.875,2142.5,2014.25,2534.875,2550,3282.875,2946.125,1184.5,41.41,49.11
16.8,2196.5,1747.75,1651.75,2145.5,2015.125,2535.125,2550.25,3287.5,2948.125,1187,41.4,49.1
16.9,2200.25,1750.75,1652.5,2148.5,2016,2535.375,2550.5,3292,2950.25,1189.5,41.41,49.18
17.0,2203.875,1753.875,1653.375,2151.5,2016.75,2535.625,2550.75,3296.375,2952.375,1191.875,41.4,49.25
17.1,2207.375,1756.75,1654.125,2154.375,2017.625,2535.875,2550.875,3300.625,2954.375,1194.25,41.38,49.31
17.2,2211,1759.75,1655,2157.25,2018.25,2536.125,2551.125,3304.875,2956.375,1196.75,41.38,49.34
17.3,2214.375,1762.625,1655.875,2160,2019.125,2536.375,2551.25,3309,2958.25,1199.125,41.42,49.41
17.4,2217.875,1765.5,1656.625,2162.75,2019.875,2536.5,2551.375,3313.125,2960.25,1201.5,41.41,49.42
17.5,2221.25,1768.25,1657.375,2165.375,2020.5,2536.75,2551.625,3317.25,2962.125,1204,41.41,49.5
17.6,2224.5,1771,1658.25,2168,2021.25,2537,2551.75,3321.125,2964.125,1206.375,41.41,49.49
17.7,2227.75,1773.75,1659,2170.625,2021.875,2537.125,2552.125,3325,2966,1208.625,41.41,49.61
17.8,2231,1776.5,1659.875,2173.125,2022.625,2537.375,2552.125,3328.625,2967.875,1210.875,41.41,49.57
17.9,2234.25,1779,1660.625,2175.625,2023.25,2537.5,2552.375,3332.375,2969.75,1213.125,41.41,49.67
18.0,2237.375,1781.625,1661.375,2178.125,2023.875,2537.75,2552.5,3336.125,2971.625,1215.5,41.42,49.66
18.1,2240.5,1784.125,1662.125,2180.5,2024.5,2538,2552.625,3339.625,2973.375,1217.75,41.4,49.76
18.2,2243.5,1786.625,1663,2182.75,2025.125,2538.125,2552.75,3343,2975.25,1220,41.42,49.76
18.3,2246.625,1789,1663.75,2185,2025.625,2538.375,2553,3346.5,2977.125,1222.25,41.41,49.8
18.4,2249.5,1791.5,1664.5,2187.25,2026.25,2538.5,2553.125,3349.875,2979,1224.375,41.41,49.88
18.5,2252.5,1793.75,1665.25,2189.625,2026.875,2538.625,2553.375,3353.125,2980.75,1226.625,41.41,49.93
18.6,2255.375,1796.125,1666,2191.75,2027.375,2538.875,2553.375,3356.25,2982.5,1228.75,41.41,49.93
18.7,2258.125,1798.375,1666.875,2193.875,2028,2539,2553.625,3359.375,2984.25,1230.875,41.41,50.02
18.8,2261.125,1800.625,1667.625,2196,2028.5,2539.125,2553.75,3362.5,2986,1233,41.41,50.01
18.9,2263.875,1803,1668.375,2198.125,2029.125,2539.375,2553.875,3365.5,2987.75,1235.125,41.41,50.06
19.0,2266.625,1805.125,1669.125,2200.125,2029.625,2539.5,2554,3368.5,2989.5,1237.25,41.41,50.07
19.1,2269.375,1807.375,1669.875,2202.125,2030.125,2539.75,2554.125,3371.375,2991.25,1239.25,41.41,50.1
19.2,2272,1809.5,1670.625,2204.125,2030.625,2539.875,2554.125,3374.25,2992.875,1241.375,41.41,50.18
19.3,2274.625,1811.5,1671.375,2206.125,2031.125,2539.875,2554.375,3377,2994.5,1243.375,41.41,50.13
19.4,2277.25,1813.625,1672.125,2208.125,2031.625,2540.125,2554.5,3379.625,2996.125,1245.375,41.38,50.21
19.5,2279.875,1815.75,1672.875,2210,2032.125,2540.25,2554.625,3382.375,2997.75,1247.375,41.41,50.23
19.6,2282.5,1817.625,1673.625,2212,2032.625,2540.375,2554.75,3385,2999.375,1249.375,41.4,50.27
19.7,2284.875,1819.625,1674.375,2213.875,2033.125,2540.5,2554.875,3387.5,3001,1251.375,41.41,50.34
19.8,2287.5,1821.625,1675.125,2215.75,2033.625,2540.75,2555,3390.125,3002.625,1253.375,41.4,50.34
19.9,2289.875,1823.5,1675.75,2217.5,2034.125,2540.75,2555.125,3392.5,3004.25,1255.375,41.41,50.37
20.0,2292.25,1825.375,1676.625,2219.25,2034.5,2540.875,2555.125,3395,3005.875,1257.25,41.41,50.4
20.1,2294.625,1827.25,1677.25,2221.125,2035,2541.125,2555.25,3397.375,3007.5,1259.125,41.42,50.42
20.2,2297,1829.125,1678.125,2222.875,2035.375,2541.25,2555.5,3399.75,3008.875,1261.125,41.41,50.45
20.3,2299.375,1830.875,1678.875,2224.5,2035.875,2541.25,2555.625,3402,3010.375,1263.125,41.41,50.44
20.4,2301.625,1832.625,1679.5,2226.25,2036.25,2541.5,2555.75,3404.25,3012,1265,41.41,50.49
20.5,2303.875,1834.375,1680.25,2228,2036.625,2541.5,2555.75,3406.5,3013.5,1266.75,41.37,50.53
20.6,2306.125,1836.125,1681,2229.625,2037,2541.625,2555.875,3408.75,3015,1268.75,41.41,50.56
20.7,2308.375,1837.75,1681.75,2231.25,2037.375,2541.75,2556,3410.875,3016.625,1270.625,41.4,50.55
20.8,2310.5,1839.375,1682.5,2232.875,2037.75,2541.875,2556,3413,3018.125,1272.375,41.44,50.58
20.9,2312.625,1841,1683.125,2234.5,2038.125,2542,2556.125,3415,3019.625,1274.25,41.4,50.65
21.0,2314.75,1842.625,1683.875,2236,2038.5,2542.125,2556.25,3417,3021,1276.125,41.4,50.67
21.1,2316.75,1844.125,1684.5,2237.625,2038.875,2542.25,2556.25,3419,3022.5,1277.875,41.41,50.67
21.2,2318.875,1845.75,1685.25,2239.125,2039.25,2542.375,2556.375,3421,3024,1279.625,41.4,50.71
21.3,2320.875,1847.375,1686,2240.625,2039.625,2542.375,2556.5,3422.875,3025.375,1281.375,41.42,50.71
21.4,2322.875,1848.75,1686.625,2242.125,2039.875,2542.5,2556.625,3424.75,3026.875,1283.125,41.4,50.72
21.5,2324.875,1850.25,1687.375,2243.625,2040.125,2542.625,2556.625,3426.625,3028.125,1284.875,41.38,50.8
21.6,2326.875,1851.75,1688.125,2245,2040.5,2542.625,2556.875,3428.375,3029.625,1286.75,41.4,50.73
21.7,2328.875,1853.25,1688.75,2246.375,2040.875,2542.75,2556.875,3430.125,3031,1288.25,41.41,50.82
21.8,2330.75,1854.625,1689.5,2247.75,2041.25,2542.875,2556.875,3431.875,3032.375,1290,41.42,50.77
21.9,2332.625,1856,1690.125,2249.25,2041.5,2542.875,2557.125,3433.625,3033.875,1291.625,41.41,50.85
22.0,2334.625,1857.375,1690.75,2250.625,2041.875,2543,2557.25,3435.375,3035.25,1293.375,41.41,50.86
22.1,2336.375,1858.75,1691.5,2251.875,2042.25,2543.125,2557.25,3437,3036.625,1295.125,41.41,50.87
22.2,2338.25,1860.125,1692.125,2253.25,2042.5,2543.25,2557.25,3438.625,3037.875,1296.75,41.41,50.91
22.3,2340.125,1861.375,1692.875,2254.5,2042.875,2543.25,2557.375,3440.25,3039.25,1298.5,41.4,50.93
22.4,2341.875,1862.625,1693.5,2255.75,2043,2543.375,2557.375,3441.875,3040.625,1300,41.38,50.93
22.5,2343.625,1864,1694.25,2257,2043.5,2543.375,2557.5,3443.375,3041.875,1301.75,41.41,50.94
22.6,2345.375,1865.25,1694.875,2258.25,2043.625,2543.5,2557.625,3444.875,3043.125,1303.375,41.42,51.01
22.7,2347.125,1866.375,1695.5,2259.375,2044,2543.625,2557.625,3446.375,3044.5,1305,41.41,51.01
22.8,2348.75,1867.625,1696.25,2260.625,2044.25,2543.625,2557.75,3447.75,3045.75,1306.625,41.38,51.03
22.9,2350.5,1868.875,1696.875,2261.875,2044.5,2543.75,2557.75,3449.25,3047.125,1308.25,41.4,51.03
23.0,2352.125,1870,1697.5,2263.125,2044.875,2543.75,2557.875,3450.75,3048.375,1309.75,41.42,51.02
23.1,2353.75,1871.25,1698.25,2264.25,2045,2543.75,2557.875,3452.125,3049.625,1311.375,41.41,51.06
23.2,2355.5,1872.375,1698.875,2265.375,2045.375,2543.875,2558,3453.5,3050.875,1313,41.4,51.09
23.3,2357.125,1873.5,1699.5,2266.625,2045.625,2543.875,2558,3454.75,3052.125,1314.5,41.42,51.09
23.4,2358.75,1874.625,1700.25,2267.75,2045.75,2544,2558.125,3456.125,3053.375,1316.125,41.38,51.09
23.5,2360.375,1875.875,1700.75,2269,2046.125,2544,2558.125,3457.375,3054.5,1317.625,41.4,51.13
23.6,2361.875,1876.875,1701.5,2270.125,2046.25,2544.125,2558.25,3458.625,3055.75,1319.125,41.41,51.12
23.7,2363.5,1878,1702.125,2271.25,2046.5,2544.125,2558.25,3459.875,3057,1320.625,41.4,51.19
23.8,2365,1879,1702.75,2272.375,2046.875,2544.25,2558.375,3461.125,3058.25,1322.25,41.4,51.14
23.9,2366.625,1880.125,1703.375,2273.5,2047.125,2544.25,2558.375,3462.375,3059.5,1323.75,41.4,51.18
24.0,2368,1881.125,1704,2274.625,2047.375,2544.375,2558.5,3463.5,3060.625,1325.25,41.4,51.21
24.1,2369.625,1882.25,1704.625,2275.75,2047.625,2544.375,2558.625,3464.625,3061.875,1326.75,41.42,51.25
24.2,2371.125,1883.25,1705.25,2276.75,2047.875,2544.5,2558.625,3465.875,3063,1328.125,41.4,51.19
24.3,2372.5,1884.125,1705.875,2277.75,2048.125,2544.5,2558.625,3467,3064.125,1329.625,41.4,51.25
24.4,2373.875,1885.125,1706.625,2278.75,2048.375,2544.625,2558.75,3468.125,3065.25,1331,41.42,51.23
24.5,2375.375,1886.125,1707.125,2279.75,2048.625,2544.75,2558.75,3469.25,3066.5,1332.5,41.41,51.28
24.6,2376.75,1887,1707.75,2280.75,2048.875,2544.625,2558.875,3470.25,3067.625,1333.875,41.42,51.29
24.7,2378.125,1888,1708.375,2281.75,2049.125,2544.75,2558.875,3471.375,3068.75,1335.25,41.4,51.24
24.8,2379.5,1888.875,1709,2282.75,2049.25,2544.75,2558.875,3472.375,3069.875,1336.75,41.42,51.31
24.9,2380.75,1889.875,1709.625,2283.875,2049.5,2544.75,2559,3473.375,3071.125,1338.125,41.41,51.36
25.0,2382.125,1890.75,1710.25,2284.875,2049.625,2544.875,2559,3474.375,3072.125,1339.5,41.38,51.34
25.1,2383.5,1891.625,1710.875,2285.875,2049.875,2544.875,2559.125,3475.375,3073.25,1340.875,41.44,51.31
25.2,2384.75,1892.625,1711.5,2286.75,2050.125,2545,2559.125,3476.25,3074.5,1342.25,41.41,51.33
25.3,2386,1893.5,1712,2287.75,2050.25,2545,2559.125,3477.25,3075.5,1343.625,41.41,51.35
25.4,2387.25,1894.25,1712.625,2288.625,2050.5,2545.125,2559.25,3478.25,3076.625,1345,41.41,51.33
25.5,2388.625,1895.125,1713.25,2289.5,2050.625,2545.125,2559.25,3479.25,3077.625,1346.375,41.4,51.37
25.6,2389.875,1896,1713.875,2290.375,2050.875,2545.125,2559.375,3480.125,3078.75,1347.625,41.41,51.39
25.7,2391.125,1896.875,1714.375,2291.25,2051.125,2545.125,2559.375,3481,3079.875,1349,41.41,51.42
25.8,2392.375,1897.625,1715,2292.125,2051.375,2545.25,2559.25,3482,3080.875,1350.375,41.41,51.44
25.9,2393.625,1898.5,1715.625,2293,2051.5,2545.375,2559.375,3482.75,3082,1351.625,41.4,51.44
26.0,2394.875,1899.25,1716.125,2293.875,2051.75,2545.375,2559.5,3483.625,3083,1353,41.4,51.44
26.1,2396,1900,1716.75,2294.625,2051.875,2545.375,2559.375,3484.5,3084.125,1354.25,41.38,51.46
26.2,2397.25,1900.75,1717.375,2295.5,2052,2545.375,2559.625,3485.375,3085.125,1355.625,41.41,51.45
26.3,2398.5,1901.625,1717.875,2296.25,2052.25,2545.5,2559.625,3486.125,3086.25,1356.875,41.41,51.44
26.4,2399.625,1902.375,1718.5,2297.125,2052.375,2545.5,2559.625,3487,3087.25,1358.25,41.4,51.45
26.5,2400.75,1903.125,1719.125,2298,2052.625,2545.5,2559.75,3487.75,3088.25,1359.5,41.42,51.5
26.6,2401.875,1903.75,1719.625,2298.75,2052.75,2545.625,2559.75,3488.625,3089.25,1360.75,41.41,51.52
26.7,2403,1904.5,1720.125,2299.5,2053,2545.625,2559.75,3489.375,3090.25,1362.125,41.41,51.48
26.8,2404.125,1905.25,1720.75,2300.25,2053.125,2545.625,2559.75,3490.125,3091.25,1363.375,41.4,51.53
26.9,2405.25,1906,1721.25,2301,2053.375,2545.625,2559.875,3491,3092.25,1364.625,41.41,51.53
27.0,2406.375,1906.625,1721.875,2301.75,2053.5,2545.625,2559.875,3491.75,3093.25,1366,41.41,51.51
27.1,2407.5,1907.25,1722.375,2302.5,2053.625,2545.75,2559.875,3492.5,3094.25,1367.25,41.41,51.53
27.2,2408.5,1908,1722.875,2303.25,2053.75,2545.75,2559.875,3493.125,3095.125,1368.5,41.41,51.56
27.3,2409.625,1908.625,1723.5,2304,2053.875,2545.875,2560,3494,3096.25,1369.75,41.41,51.56
27.4,2410.625,1909.375,1724.125,2304.75,2054.125,2545.875,2560,3494.625,3097.25,1371,41.42,51.58
27.5,2411.75,1910,1724.625,2305.375,2054.25,2545.875,2560,3495.375,3098.125,1372.125,41.41,51.58
27.6,2412.75,1910.625,1725.125,2306.125,2054.375,2545.875,2560.125,3496,3099.125,1373.375,41.42,51.59
27.7,2413.75,1911.25,1725.75,2306.875,2054.625,2545.875,2560,3496.625,3100.125,1374.625,41.42,51.59
27.8,2414.75,1911.875,1726.25,2307.5,2054.75,2545.875,2560.125,3497.375,3101,1375.875,41.41,51.66
27.9,2415.875,1912.5,1726.75,2308.125,2054.875,2545.875,2560.25,3498,3102,1377,41.42,51.63
28.0,2416.75,1913,1727.25,2308.875,2055,2546,2560.25,3498.625,3102.875,1378.25,41.41,51.63
28.1,2417.875,1913.625,1727.875,2309.5,2055.125,2546.125,2560.25,3499.375,3103.875,1379.375,41.41,51.58
28.2,2418.75,1914.25,1728.375,2310.25,2055.25,2546,2560.25,3500,3104.75,1380.625,41.41,51.63
28.3,2419.75,1914.875,1728.875,2310.875,2055.375,2546.125,2560.25,3500.5,3105.625,1381.75,41.42,51.63
28.4,2420.75,1915.5,1729.375,2311.5,2055.625,2546.125,2560.375,3501.125,3106.625,1382.875,41.4,51.66
28.5,2421.75,1916,1730,2312.125,2055.625,2546.125,2560.375,3501.75,3107.5,1384.25,41.4,51.69
28.6,2422.75,1916.625,1730.5,2312.75,2055.875,2546.125,2560.375,3502.375,3108.5,1385.25,41.41,51.68
28.7,2423.625,1917.125,1731,2313.5,2056,2546.125,2560.5,3503,3109.5,1386.5,41.41,51.7
28.8,2424.5,1917.75,1731.5,2314,2056.125,2546.25,2560.5,3503.5,3110.375,1387.75,41.41,51.66
28.9,2425.5,1918.25,1732,2314.625,2056.25,2546.25,2560.5,3504.125,3111.25,1388.875,41.4,51.63
29.0,2426.375,1918.875,1732.5,2315.25,2056.375,2546.25,2560.625,3504.625,3112.25,1390,41.41,51.7
29.1,2427.25,1919.375,1733.125,2315.875,2056.5,2546.375,2560.5,3505.25,3113.125,1391.125,41.41,51.74
29.2,2428.25,1919.875,1733.5,2316.375,2056.625,2546.25,2560.5,3505.75,3114,1392.25,41.4,51.72
29.3,2429,1920.375,1734,2317.125,2056.75,2546.375,2560.625,3506.25,3114.875,1393.5,41.41,51.7
29.4,2429.875,1920.875,1734.5,2317.75,2056.875,2546.25,2560.625,3506.875,3115.75,1394.625,41.42,51.74
29.5,2430.875,1921.5,1735,2318.375,2057,2546.375,2560.75,3507.375,3116.625,1395.625,41.42,51.74
29.6,2431.625,1922,1735.5,2319,2057.125,2546.375,2560.625,3507.875,3117.375,1396.875,41.4,51.75
29.7,2432.5,1922.5,1736.125,2319.625,2057.25,2546.375,2560.75,3508.375,3118.375,1398,41.44,51.73
29.8,2433.375,1923.125,1736.625,2320.125,2057.5,2546.375,2560.75,3508.875,3119.25,1399,41.44,51.74
29.9,2434.25,1923.625,1737,2320.75,2057.625,2546.5,2560.75,3509.375,3120.125,1400.25,41.44,51.77
30.0,2435.125,1924.25,1737.5,2321.375,2057.75,2546.5,2560.875,3509.875,3121,1401.25,41.41,51.75
30.1,2436,1924.625,1738,2322,2057.875,2546.5,2560.875,3510.25,3121.875,1402.375,41.42,51.77
30.2,2436.875,1925.125,1738.5,2322.5,2058,2546.5,2560.875,3510.75,3122.625,1403.5,41.42,51.79
30.3,2437.625,1925.625,1739,2323.125,2058.125,2546.5,2560.875,3511.25,3123.5,1404.625,41.4,51.78
30.4,2438.5,1926.125,1739.5,2323.75,2058.25,2546.5,2560.875,3511.75,3124.375,1405.625,41.4,51.76
30.5,2439.25,1926.625,1740,2324.375,2058.375,2546.625,2561,3512.125,3125.25,1406.75,41.41,51.82
30.6,2440.125,1927.125,1740.5,2324.875,2058.5,2546.5,2561,3512.625,3126,1407.875,41.42,51.81
30.7,2440.875,1927.625,1740.875,2325.375,2058.625,2546.625,2561,3513.125,3126.875,1408.875,41.42,51.81
30.8,2441.625,1928.125,1741.375,2325.875,2058.75,2546.625,2561,3513.5,3127.75,1410,41.42,51.83
30.9,2442.5,1928.625,1741.875,2326.5,2058.875,2546.625,2561,3514,3128.5,1411,41.41,51.81
31.0,2443.25,1929.125,1742.375,2327,2059,2546.625,2561.125,3514.5,3129.375,1412,41.42,51.82
31.1,2444,1929.5,1742.75,2327.5,2059.125,2546.625,2561,3514.875,3130.25,1413,41.42,51.82
31.2,2444.75,1930,1743.25,2328,2059.25,2546.75,2561.125,3515.375,3131,1414,41.4,51.85
31.3,2445.625,1930.5,1743.75,2328.5,2059.25,2546.75,2561.125,3515.75,3131.75,1415.125,41.4,51.83
31.4,2446.25,1931,1744.25,2329,2059.375,2546.75,2561.125,3516.25,3132.5,1416.125,41.41,51.85
31.5,2447,1931.5,1744.625,2329.5,2059.375,2546.75,2561.25,3516.625,3133.375,1417.25,41.38,51.87
31.6,2447.75,1931.875,1745.125,2330,2059.5,2546.75,2561.125,3517,3134.125,1418.25,41.4,51.86
31.7,2448.5,1932.375,1745.625,2330.5,2059.625,2546.75,2561.25,3517.5,3134.875,1419.25,41.4,51.86
31.8,2449.25,1932.75,1746,2331,2059.75,2546.75,2561.25,3517.75,3135.75,1420.25,41.41,51.89
31.9,2449.875,1933.125,1746.5,2331.375,2059.75,2546.75,2561.25,3518.125,3136.5,1421.25,41.44,51.86
32.0,2450.625,1933.625,1746.875,2331.875,2059.75,2546.875,2561.25,3518.5,3137.25,1422.25,41.42,51.86
32.1,2451.375,1934.125,1747.375,2332.375,2059.875,2546.875,2561.25,3518.875,3138,1423.25,41.41,51.87
32.2,2452,1934.5,1747.75,2332.75,2060.125,2546.875,2561.25,3519.25,3138.875,1424.25,41.41,51.87
32.3,2452.75,1935,1748.25,2333.25,2060.125,2547,2561.375,3519.625,3139.625,1425.25,41.42,51.86
32.4,2453.5,1935.375,1748.625,2333.75,2060.25,2546.875,2561.5,3520,3140.375,1426.375,41.4,51.91
32.5,2454.25,1935.75,1749.125,2334.25,2060.375,2546.875,2561.375,3520.375,3141,1427.375,41.42,51.9
32.6,2454.875,1936.25,1749.5,2334.625,2060.5,2546.875,2561.375,3520.75,3141.875,1428.375,41.42,51.9
32.7,2455.5,1936.75,1750,2335.125,2060.625,2547,2561.375,3521.125,3142.625,1429.375,41.41,51.91
32.8,2456.25,1937.125,1750.375,2335.5,2060.75,2546.875,2561.5,3521.375,3143.375,1430.375,41.42,51.9
32.9,2456.875,1937.5,1750.875,2336,2060.875,2547,2561.5,3521.75,3144.125,1431.25,41.41,51.95
33.0,2457.5,1937.875,1751.25,2336.375,2060.875,2547,2561.5,3522,3144.875,1432.25,41.41,51.94
33.1,2458.25,1938.375,1751.625,2336.875,2061,2547,2561.5,3522.375,3145.625,1433.125,41.42,51.91
33.2,2458.75,1938.75,1752.125,2337.25,2061.125,2547,2561.5,3522.75,3146.375,1434.125,41.42,51.94
33.3,2459.5,1939.125,1752.5,2337.625,2061.125,2547,2561.625,3523,3147.125,1435.125,41.4,51.91
33.4,2460.125,1939.5,1753,2338,2061.375,2547,2561.625,3523.375,3147.75,1436.125,41.42,51.98
33.5,2460.75,1939.75,1753.375,2338.5,2061.375,2547,2561.625,3523.625,3148.5,1437,41.42,51.97
33.6,2461.375,1940.125,1753.875,2338.875,2061.5,2547.125,2561.5,3524.125,3149.25,1438,41.41,51.94
33.7,2462,1940.625,1754.25,2339.375,2061.625,2547.125,2561.625,3524.25,3150,1438.875,41.41,51.93
33.8,2462.625,1941,1754.625,2339.75,2061.625,2547.125,2561.625,3524.625,3150.625,1439.875,41.4,51.99
33.9,2463.125,1941.25,1755,2340.125,2061.75,2547.125,2561.625,3524.875,3151.375,1440.75,41.42,51.96
34.0,2463.75,1941.75,1755.5,2340.5,2061.75,2547.125,2561.625,3525.25,3152.125,1441.625,41.41,52
34.1,2464.375,1942.125,1755.875,2340.875,2061.75,2547.125,2561.75,3525.5,3152.75,1442.625,41.41,52
34.2,2465,1942.375,1756.25,2341.25,2061.875,2547.125,2561.75,3525.75,3153.375,1443.5,41.41,52.01
34.3,2465.625,1942.875,1756.625,2341.5,2062,2547.125,2561.75,3526.125,3154.125,1444.5,41.42,51.98
34.4,2466.125,1943.125,1757.125,2342,2062,2547.125,2561.75,3526.375,3154.875,1445.375,41.44,52
34.5,2466.75,1943.5,1757.5,2342.375,2062.125,2547.25,2561.75,3526.625,3155.5,1446.375,41.42,52.01
34.6,2467.375,1943.875,1757.875,2342.625,2062.25,2547.25,2561.75,3526.875,3156.25,1447.25,41.42,52
34.7,2467.875,1944.25,1758.25,2343.125,2062.375,2547.125,2561.75,3527.125,3157,1448.125,41.41,52
34.8,2468.5,1944.625,1758.625,2343.5,2062.5,2547.25,2561.875,3527.375,3157.625,1449,41.4,51.96
34.9,2469,1944.875,1759.125,2344,2062.5,2547.25,2561.875,3527.75,3158.375,1449.875,41.41,52.01
35.0,2469.5,1945.25,1759.5,2344.375,2062.625,2547.25,2561.875,3528,3159,1450.875,41.42,52
35.1,2470.125,1945.625,1759.875,2344.75,2062.75,2547.25,2561.875,3528.25,3159.625,1451.75,41.41,52.02
35.2,2470.625,1945.875,1760.25,2345,2062.75,2547.25,2561.875,3528.5,3160.375,1452.625,41.42,52.01
35.3,2471.25,1946.25,1760.625,2345.375,2062.75,2547.25,2561.875,3528.75,3161,1453.5,41.41,52.06
35.4,2471.75,1946.625,1761,2345.75,2062.875,2547.25,2561.875,3529,3161.75,1454.375,41.41,52.02
35.5,2472.375,1946.875,1761.375,2346.125,2063,2547.25,2561.875,3529.25,3162.375,1455.25,41.42,52.04
35.6,2472.875,1947.25,1761.75,2346.5,2063.125,2547.25,2561.875,3529.625,3163,1456.125,41.41,52.05
35.7,2473.5,1947.625,1762.125,2346.875,2063.25,2547.25,2561.875,3529.75,3163.75,1457,41.41,52.04
35.8,2474,1947.875,1762.5,2347.25,2063.25,2547.25,2562,3530.125,3164.375,1457.875,41.42,52.05
35.9,2474.5,1948.25,1762.875,2347.625,2063.375,2547.25,2562,3530.25,3165,1458.75,41.4,52.02
36.0,2475,1948.625,1763.375,2348,2063.375,2547.25,2562,3530.5,3165.75,1459.625,41.44,52.08
36.1,2475.5,1948.875,1763.75,2348.375,2063.5,2547.25,2562,3530.75,3166.375,1460.5,41.41,52.05
36.2,2476.125,1949.125,1764,2348.625,2063.5,2547.25,2562,3531,3167,1461.375,41.42,52.07
36.3,2476.625,1949.5,1764.5,2349,2063.625,2547.25,2562,3531.25,3167.625,1462.25,41.42,52.04
36.4,2477.125,1949.75,1764.875,2349.25,2063.75,2547.25,2562.125,3531.5,3168.25,1463.125,41.41,52.05
36.5,2477.625,1950.125,1765.25,2349.625,2063.75,2547.25,2562.125,3531.75,3169,1463.875,41.41,52.04
36.6,2478.125,1950.5,1765.5,2349.875,2063.875,2547.25,2562,3532,3169.625,1464.75,41.42,52.09
36.7,2478.625,1950.75,1765.875,2350.25,2064,2547.25,2562,3532.25,3170.25,1465.625,41.41,52.09
36.8,2479,1951.125,1766.25,2350.5,2064,2547.25,2562.125,3532.375,3170.875,1466.5,41.42,52.08
36.9,2479.5,1951.375,1766.625,2350.75,2064.125,2547.25,2562.125,3532.625,3171.5,1467.25,41.42,52.05
37.0,2480,1951.625,1767,2351,2064.125,2547.375,2562.125,3532.875,3172.125,1468.125,41.41,52.04
37.1,2480.5,1952,1767.375,2351.25,2064.25,2547.375,2562.125,3533.125,3172.75,1468.875,41.41,52.01
37.2,2480.875,1952.375,1767.625,2351.5,2064.25,2547.375,2562.125,3533.375,3173.375,1469.75,41.44,52.07
37.3,2481.375,1952.625,1768,2351.75,2064.375,2547.375,2562.125,3533.5,3174,1470.625,41.42,52.01
37.4,2481.875,1953,1768.375,2352,2064.375,2547.5,2562.125,3533.75,3174.625,1471.375,41.42,52.07
37.5,2482.375,1953.25,1768.75,2352.375,2064.5,2547.5,2562.25,3534,3175.25,1472.25,41.41,52.04
37.6,2482.75,1953.5,1769.125,2352.625,2064.5,2547.5,2562,3534.125,3175.875,1473.125,41.44,52.12
37.7,2483.25,1953.875,1769.375,2352.875,2064.625,2547.375,2562.125,3534.375,3176.375,1473.875,41.4,52.09
37.8,2483.75,1954,1769.75,2353.125,2064.625,2547.375,2562.125,3534.625,3177,1474.75,41.42,52.12
37.9,2484.125,1954.375,1770.125,2353.5,2064.625,2547.5,2562.25,3534.75,3177.625,1475.5,41.41,52.13
38.0,2484.625,1954.625,1770.375,2353.75,2064.75,2547.5,2562.125,3535,3178.25,1476.25,41.42,52.09
38.1,2485,1954.875,1770.75,2354,2064.875,2547.5,2562.125,3535.125,3178.875,1477.125,41.42,52.15
38.2,2485.5,1955.125,1771,2354.25,2064.875,2547.5,2562.125,3535.375,3179.5,1477.875,41.42,52.09
38.3,2486,1955.375,1771.375,2354.5,2065,2547.5,2562.25,3535.5,3180.125,1478.75,41.4,52.14
38.4,2486.375,1955.75,1771.75,2354.75,2065,2547.5,2562.25,3535.75,3180.75,1479.5,41.42,52.12
38.5,2486.875,1956,1772.125,2355,2065.125,2547.5,2562.25,3535.875,3181.25,1480.375,41.41,52.15
38.6,2487.25,1956.375,1772.375,2355.25,2065.125,2547.5,2562.25,3536.125,3181.875,1481.125,41.42,52.12
38.7,2487.75,1956.625,1772.75,2355.5,2065.25,2547.5,2562.25,3536.25,3182.375,1481.875,41.42,52.09
38.8,2488.125,1956.875,1773.125,2355.75,2065.375,2547.5,2562.25,3536.5,3183,1482.75,41.42,52.13
38.9,2488.625,1957.125,1773.375,2356,2065.25,2547.5,2562.25,3536.625,3183.5,1483.5,41.41,52.12
39.0,2489,1957.375,1773.75,2356.25,2065.375,2547.5,2562.25,3536.75,3184.125,1484.375,41.42,52.13
39.1,2489.375,1957.625,1774.125,2356.5,2065.5,2547.5,2562.25,3537,3184.75,1485.125,41.42,52.11
39.2,2489.75,1957.875,1774.375,2356.75,2065.5,2547.5,2562.25,3537.125,3185.25,1485.875,41.41,52.17
39.3,2490.25,1958.125,1774.75,2357,2065.625,2547.5,2562.25,3537.375,3185.875,1486.625,41.41,52.12
39.4,2490.625,1958.5,1775.125,2357.25,2065.625,2547.5,2562.25,3537.5,3186.5,1487.375,41.42,52.13
39.5,2491,1958.75,1775.375,2357.375,2065.625,2547.5,2562.25,3537.625,3187,1488.25,41.44,52.19
39.6,2491.5,1959,1775.75,2357.625,2065.75,2547.5,2562.25,3537.875,3187.625,1489,41.42,52.11
39.7,2491.875,1959.25,1776,2357.875,2065.875,2547.5,2562.25,3538.125,3188.125,1489.75,41.41,52.15
39.8,2492.25,1959.5,1776.375,2358.125,2065.875,2547.5,2562.25,3538.125,3188.75,1490.5,41.41,52.15
39.9,2492.625,1959.75,1776.625,2358.25,2065.875,2547.5,2562.375,3538.375,3189.25,1491.25,41.44,52.15
40.0,2493,1960,1776.875,2358.5,2065.875,2547.5,2562.375,3538.5,3189.875,1492,41.42,52.18
40.1,2493.375,1960.25,1777.25,2358.75,2066,2547.5,2562.375,3538.625,3190.375,1492.75,41.45,52.18
40.2,2493.75,1960.5,1777.5,2359,2066,2547.5,2562.375,3538.875,3191,1493.5,41.44,52.19
40.3,2494.125,1960.75,1777.75,2359.125,2066.125,2547.5,2562.375,3539,3191.625,1494.25,41.41,52.16
40.4,2494.5,1961,1778.125,2359.375,2066.25,2547.5,2562.375,3539.125,3192.125,1495,41.41,52.15
40.5,2494.875,1961.25,1778.5,2359.75,2066.25,2547.5,2562.25,3539.25,3192.625,1495.625,41.42,52.15
40.6,2495.25,1961.5,1778.75,2360,2066.375,2547.5,2562.375,3539.375,3193.25,1496.5,41.42,52.18
40.7,2495.625,1961.75,1779,2360.125,2066.375,2547.5,2562.375,3539.5,3193.75,1497.125,41.44,52.13
40.8,2496,1962,1779.375,2360.375,2066.5,2547.5,2562.375,3539.625,3194.25,1497.875,41.44,52.2
40.9,2496.375,1962.25,1779.625,2360.625,2066.5,2547.5,2562.375,3539.875,3194.875,1498.75,41.41,52.18
41.0,2496.75,1962.5,1779.875,2360.875,2066.5,2547.5,2562.375,3540,3195.375,1499.5,41.44,52.16
41.1,2497.125,1962.75,1780.25,2361.125,2066.625,2547.625,2562.375,3540.125,3195.875,1500.25,41.41,52.18
41.2,2497.375,1963,1780.5,2361.375,2066.625,2547.625,2562.375,3540.25,3196.5,1501,41.41,52.24
41.3,2497.875,1963.25,1780.875,2361.625,2066.75,2547.625,2562.375,3540.375,3197,1501.75,41.41,52.18
41.4,2498.25,1963.5,1781.125,2361.75,2066.75,2547.5,2562.375,3540.5,3197.5,1502.5,41.44,52.17
41.5,2498.5,1963.75,1781.375,2362,2066.75,2547.625,2562.375,3540.75,3198,1503.25,41.45,52.15
41.6,2498.875,1964,1781.75,2362.25,2066.75,2547.625,2562.375,3540.75,3198.625,1504,41.42,52.17
41.7,2499.25,1964.25,1782,2362.375,2066.875,2547.5,2562.375,3541,3199.125,1504.75,41.42,52.17
41.8,2499.5,1964.375,1782.25,2362.625,2066.875,2547.5,2562.375,3541,3199.625,1505.5,41.42,52.18
41.9,2499.875,1964.625,1782.625,2362.875,2067,2547.5,2562.375,3541.125,3200.125,1506.25,41.44,52.19
42.0,2500.25,1964.875,1782.875,2363,2067,2547.5,2562.375,3541.25,3200.625,1506.875,41.42,52.2
42.1,2500.5,1965.125,1783.125,2363.25,2067,2547.5,2562.375,3541.375,3201.125,1507.625,41.44,52.16
42.2,2500.875,1965.375,1783.5,2363.5,2067.125,2547.375,2562.375,3541.5,3201.75,1508.375,41.42,52.24
42.3,2501.125,1965.5,1783.75,2363.625,2067.125,2547.5,2562.375,3541.625,3202.25,1509,41.44,52.17
42.4,2501.5,1965.75,1784,2363.875,2067.25,2547.375,2562.5,3541.75,3202.75,1509.75,41.42,52.2
42.5,2501.875,1965.875,1784.25,2364.125,2067.25,2547.375,2562.375,3541.875,3203.25,1510.5,41.4,52.22
42.6,2502.125,1966.125,1784.625,2364.375,2067.375,2547.375,2562.375,3542,3203.75,1511.125,41.42,52.21
42.7,2502.5,1966.25,1784.875,2364.625,2067.25,2547.375,2562.375,3542.125,3204.25,1511.875,41.42,52.23
42.8,2502.75,1966.5,1785.125,2364.875,2067.375,2547.375,2562.5,3542.25,3204.75,1512.625,41.44,52.16
42.9,2503,1966.625,1785.375,2365,2067.375,2547.375,2562.5,3542.375,3205.25,1513.25,41.41,52.23
43.0,2503.375,1966.875,1785.75,2365.25,2067.375,2547.375,2562.375,3542.5,3205.75,1513.875,41.42,52.2
43.1,2503.625,1967.125,1786,2365.375,2067.375,2547.375,2562.375,3542.5,3206.25,1514.5,41.42,52.2
43.2,2503.875,1967.25,1786.25,2365.5,2067.375,2547.375,2562.375,3542.75,3206.75,1515.25,41.41,52.21
43.3,2504.125,1967.375,1786.375,2365.625,2067.375,2547.25,2562.375,3542.75,3207.25,1515.875,41.42,52.18
43.4,2504.5,1967.5,1786.75,2365.75,2067.375,2547.25,2562.375,3542.875,3207.625,1516.625,41.42,52.23
43.5,2504.75,1967.75,1787,2365.875,2067.375,2547.25,2562.375,3543,3208.125,1517.25,41.44,52.17
43.6,2505,1967.875,1787.25,2366,2067.375,2547.25,2562.5,3543.125,3208.625,1517.875,41.42,52.24
43.7,2505.375,1968.125,1787.5,2366.125,2067.5,2547.125,2562.375,3543.25,3209.125,1518.5,41.42,52.27
43.8,2505.625,1968.25,1787.75,2366.25,2067.375,2547.25,2562.375,3543.375,3209.5,1519.25,41.44,52.2
43.9,2505.875,1968.375,1788,2366.5,2067.375,2547.125,2562.375,3543.375,3210,1519.875,41.44,52.2
44.0,2506.125,1968.625,1788.25,2366.625,2067.375,2547.125,2562.375,3543.5,3210.375,1520.625,41.42,52.2
44.1,2506.375,1968.75,1788.5,2366.75,2067.5,2547.125,2562.375,3543.5,3210.875,1521.25,41.42,52.23
44.2,2506.75,1969,1788.75,2366.875,2067.5,2547,2562.375,3543.625,3211.375,1521.875,41.42,52.18
44.3,2507,1969,1788.875,2367,2067.375,2547,2562.375,3543.75,3211.875,1522.375,41.41,52.23
44.4,2507.125,1969.25,1789.25,2367.125,2067.5,2546.875,2562.375,3543.75,3212.375,1523.125,41.42,52.24
44.5,2507.375,1969.375,1789.375,2367.25,2067.375,2546.875,2562.375,3543.875,3212.875,1523.75,41.42,52.23
44.6,2507.625,1969.5,1789.75,2367.375,2067.375,2546.875,2562.375,3543.875,3213.25,1524.5,41.42,52.24
44.7,2507.875,1969.625,1789.875,2367.375,2067.25,2546.875,2562.375,3544,3213.625,1525.125,41.41,52.28
44.8,2508.125,1969.75,1790.25,2367.5,2067.25,2546.875,2562.375,3544,3214.125,1525.75,41.42,52.23
44.9,2508.375,1969.875,1790.375,2367.625,2067.25,2546.75,2562.375,3544.125,3214.5,1526.375,41.41,52.25
45.0,2508.625,1970,1790.625,2367.625,2067.125,2546.75,2562.375,3544.25,3215,1526.875,41.42,52.25
45.1,2508.875,1970.25,1790.875,2367.75,2067,2546.625,2562.375,3544.375,3215.375,1527.5,41.42,52.23
45.2,2509.125,1970.375,1791.125,2367.75,2067,2546.625,2562.375,3544.375,3215.875,1528.125,41.44,52.23
45.3,2509.375,1970.375,1791.375,2367.875,2067.125,2546.625,2562.25,3544.375,3216.375,1528.75,41.45,52.22
45.4,2509.625,1970.5,1791.625,2367.875,2067,2546.5,2562.25,3544.5,3216.75,1529.375,41.44,52.23
45.5,2509.75,1970.625,1791.75,2368,2067,2546.375,2562.25,3544.5,3217.125,1529.875,41.42,52.24
45.6,2510,1970.625,1792,2368,2067,2546.375,2562.25,3544.625,3217.625,1530.625,41.44,52.24
45.7,2510.125,1970.75,1792.25,2368.125,2066.875,2546.25,2562.25,3544.625,3218,1531.125,41.45,52.22
45.8,2510.375,1970.875,1792.5,2368.125,2066.875,2546.25,2562.25,3544.625,3218.375,1531.75,41.45,52.24
45.9,2510.625,1971,1792.75,2368.125,2066.75,2546.125,2562.25,3544.625,3218.875,1532.375,41.45,52.24
46.0,2510.75,1971,1792.875,2368.125,2066.75,2546.125,2562.25,3544.75,3219.25,1532.875,41.42,52.29
46.1,2510.875,1971.25,1793.125,2368.25,2066.75,2546,2562.25,3544.75,3219.625,1533.5,41.44,52.2
46.2,2511.125,1971.25,1793.25,2368.25,2066.75,2546,2562.125,3544.75,3220,1534.125,41.44,52.24
46.3,2511.25,1971.25,1793.5,2368.25,2066.625,2545.875,2562.125,3544.75,3220.5,1534.625,41.44,52.27
46.4,2511.375,1971.375,1793.625,2368.25,2066.5,2545.75,2562.125,3544.75,3220.875,1535.125,41.42,52.24
46.5,2511.5,1971.375,1793.875,2368.25,2066.5,2545.625,2562.125,3544.625,3221.25,1535.75,41.44,52.27
46.6,2511.75,1971.375,1794,2368.25,2066.375,2545.5,2562.125,3544.75,3221.625,1536.375,41.42,52.28
46.7,2511.75,1971.375,1794.25,2368.25,2066.25,2545.375,2562.125,3544.75,3222,1536.875,41.44,52.2
46.8,2512,1971.5,1794.375,2368.125,2066.125,2545.375,2562,3544.625,3222.375,1537.375,41.44,52.26
46.9,2512,1971.5,1794.625,2368.125,2066.125,2545.125,2562.125,3544.625,3222.75,1537.875,41.45,52.26
47.0,2512.125,1971.375,1794.75,2368,2066,2545,2562,3544.625,3223,1538.375,41.41,52.27
47.1,2512.125,1971.375,1794.875,2368,2065.875,2544.75,2561.875,3544.625,3223.5,1538.875,41.42,52.27
47.2,2512.25,1971.375,1795.125,2367.875,2065.625,2544.625,2561.875,3544.5,3223.875,1539.375,41.44,52.3
47.3,2512.375,1971.25,1795.25,2367.75,2065.625,2544.375,2561.75,3544.5,3224.125,1539.875,41.41,52.25
47.4,2512.375,1971.25,1795.375,2367.625,2065.25,2544.375,2561.75,3544.375,3224.375,1540.25,41.47,52.27
47.5,2512.5,1971.125,1795.5,2367.5,2065.125,2544.125,2561.75,3544.375,3224.75,1540.75,41.41,52.18
47.6,2512.5,1971,1795.75,2367.375,2065,2543.875,2561.625,3544.25,3225.125,1541.25,41.44,52.27
47.7,2512.5,1970.875,1795.875,2367.125,2064.75,2543.625,2561.625,3544.125,3225.375,1541.75,41.42,52.29
47.8,2512.5,1970.875,1796,2367,2064.5,2543.375,2561.625,3544,3225.625,1542.125,41.45,52.27
47.9,2512.5,1970.75,1796.125,2366.75,2064.25,2543.25,2561.5,3544,3225.875,1542.5,41.42,52.29
48.0,2512.5,1970.5,1796.25,2366.5,2064,2543,2561.375,3543.875,3226.125,1542.875,41.42,52.25
48.1,2512.5,1970.375,1796.25,2366.25,2063.75,2542.75,2561.375,3543.75,3226.375,1543.375,41.42,52.25
48.2,2512.5,1970.125,1796.375,2365.875,2063.5,2542.375,2561.25,3543.625,3226.625,1543.75,41.42,52.25
48.3,2512.375,1970,1796.625,2365.625,2063.125,2542,2561.25,3543.375,3226.875,1544.125,41.42,52.27
48.4,2512.375,1969.625,1796.625,2365.25,2062.75,2541.75,2561.125,3543.25,3227.125,1544.375,41.44,52.26
48.5,2512.25,1969.375,1796.75,2364.875,2062.375,2541.375,2561,3543,3227.25,1544.875,41.45,52.27
48.6,2512.125,1969,1796.75,2364.5,2061.875,2540.875,2560.875,3542.75,3227.375,1545.125,41.45,52.27
48.7,2511.875,1968.75,1796.875,2364,2061.375,2540.5,2560.875,3542.5,3227.625,1545.375,41.44,52.32
48.8,2511.75,1968.375,1796.875,2363.5,2060.875,2540,2560.75,3542.25,3227.75,1545.75,41.47,52.32
48.9,2511.5,1967.875,1796.875,2362.875,2060.375,2539.5,2560.625,3542,3227.75,1546,41.45,52.29
49.0,2511.25,1967.5,1797,2362.25,2059.875,2539,2560.375,3541.75,3227.875,1546.125,41.45,52.27
49.1,2511,1967,1796.875,2361.625,2059.25,2538.5,2560.25,3541.375,3227.875,1546.375,41.45,52.33
49.2,2510.625,1966.375,1796.875,2360.875,2058.625,2537.875,2560.125,3541,3228,1546.625,41.42,52.27
49.3,2510.25,1965.875,1796.875,2360,2058,2537.125,2560,3540.625,3228,1546.75,41.47,52.29
49.4,2509.875,1965.125,1796.875,2359.125,2057.125,2536.5,2559.75,3540.125,3227.875,1546.875,41.42,52.31
49.5,2509.375,1964.5,1796.75,2358.25,2056.25,2535.75,2559.5,3539.625,3227.875,1547,41.42,52.28
49.6,2508.875,1963.75,1796.625,2357.125,2055.375,2534.875,2559.375,3539.25,3227.625,1547.125,41.44,52.3
49.7,2508.375,1962.875,1796.5,2356,2054.375,2533.875,2559.125,3538.625,3227.625,1547,41.44,52.31
49.8,2507.75,1962,1796.25,2354.75,2053.25,2532.875,2558.875,3538,3227.375,1547,41.44,52.27
49.9,2507,1961.125,1796.125,2353.375,2052.125,2531.75,2558.5,3537.375,3227.25,1546.875,41.47,52.29
50.0,2506.375,1960.125,1796,2351.875,2050.875,2530.5,2558.25,3536.75,3226.75,1546.75,41.41,52.24
50.1,2505.5,1958.875,1795.75,2350.375,2049.625,2529.25,2557.75,3535.875,3226.5,1546.625,41.45,52.26
50.2,2504.625,1957.75,1795.5,2348.625,2048.125,2527.875,2557.375,3535,3226.125,1546.375,41.45,52.26
50.3,2503.625,1956.375,1795.125,2346.75,2046.625,2526.375,2557,3534.125,3225.625,1546.125,41.42,52.25
50.4,2502.5,1955,1794.875,2344.75,2045,2524.75,2556.625,3533.125,3225,1545.625,41.44,52.28
50.5,2501.375,1953.375,1794.375,2342.625,2043.25,2523,2556.125,3532,3224.375,1545.25,41.44,52.28
50.6,2500.125,1951.875,1794,2340.375,2041.375,2521.125,2555.5,3530.875,3223.75,1544.75,41.45,52.24
50.7,2498.75,1950,1793.5,2338,2039.5,2519.375,2555,3529.625,3223.125,1544.125,41.42,52.21
50.8,2497.25,1948.25,1793,2335.375,2037.375,2517.375,2554.375,3528.25,3222.25,1543.5,41.44,52.24
50.9,2495.625,1946.125,1792.5,2332.5,2035.125,2515.375,2553.75,3526.75,3221.5,1542.75,41.45,52.27
51.0,2493.875,1944.125,1792,2329.625,2032.75,2513.25,2553.125,3525.25,3220.625,1541.875,41.44,52.24
51.1,2492.125,1942,1791.375,2326.5,2030.375,2511,2552.375,3523.625,3219.75,1541.125,41.44,52.28
51.2,2490.125,1939.625,1790.625,2323.375,2027.75,2508.75,2551.75,3521.875,3218.75,1540,41.47,52.26
51.3,2488,1937.375,1790,2320,2025.125,2506.375,2550.875,3520.125,3217.625,1539,41.44,52.26
51.4,2485.875,1934.75,1789.25,2316.5,2022.375,2504.125,2550.25,3518.25,3216.625,1537.75,41.45,52.27
51.5,2483.5,1932.125,1788.5,2312.875,2019.5,2501.75,2549.5,3516.25,3215.375,1536.375,41.47,52.29
51.6,2481.125,1929.5,1787.625,2309.125,2016.5,2499.375,2548.625,3514.125,3214.25,1535.125,41.44,52.23
51.7,2478.625,1926.625,1786.75,2305.125,2013.5,2496.875,2547.75,3512,3213.125,1533.625,41.45,52.29
51.8,2475.875,1923.75,1785.875,2301.125,2010.375,2494.5,2546.875,3509.75,3212,1532.25,41.45,52.24
51.9,2473.25,1920.75,1785.125,2297,2007.25,2492,2546,3507.5,3210.75,1530.625,41.45,52.24
52.0,2470.375,1917.5,1784.125,2292.625,2004,2489.5,2545.125,3505.125,3209.375,1529.125,41.47,52.27
52.1,2467.375,1914.375,1783.125,2288.25,2000.625,2487,2544.25,3502.625,3208,1527.375,41.47,52.25
52.2,2464.5,1911,1782.375,2283.75,1997.375,2484.375,2543.25,3500.125,3206.625,1525.75,41.48,52.23
52.3,2461.375,1907.625,1781.375,2279.25,1994,2481.875,2542.375,3497.5,3205.25,1523.875,41.45,52.23
52.4,2458.125,1904.125,1780.375,2274.5,1990.5,2479.375,2541.5,3494.875,3203.625,1522,41.44,52.21
52.5,2454.875,1900.5,1779.375,2269.75,1987,2476.875,2540.5,3492.125,3202.125,1520.125,41.45,52.27
52.6,2451.5,1896.875,1778.375,2264.875,1983.5,2474.25,2539.375,3489.25,3200.375,1518.125,41.44,52.19
52.7,2448.125,1893.125,1777.375,2260,1979.875,2471.75,2538.5,3486.375,3198.875,1516,41.47,52.19
52.8,2444.625,1889.25,1776.375,2255,1976.25,2469.25,2537.5,3483.5,3197.25,1513.875,41.44,52.2
52.9,2441.125,1885.375,1775.25,2249.875,1972.75,2466.75,2536.375,3480.5,3195.625,1511.875,41.47,52.16
53.0,2437.5,1881.375,1774.25,2244.875,1969.125,2464.25,2535.375,3477.5,3194,1509.625,41.45,52.12
53.1,2433.75,1877.375,1773.125,2239.75,1965.5,2461.75,2534.375,3474.5,3192.5,1507.375,41.47,52.11
53.2,2430,1873.25,1772.125,2234.5,1961.875,2459.125,2533.375,3471.375,3190.75,1505.125,41.45,52.11
53.3,2426.125,1869.125,1771.125,2229.25,1958.25,2456.75,2532.25,3468.125,3189,1502.75,41.47,52.12
53.4,2422.375,1865,1770,2224,1954.625,2454.25,2531.25,3465,3187.25,1500.25,41.44,52.11
53.5,2418.375,1860.75,1768.875,2218.75,1951.125,2451.875,2530,3461.75,3185.5,1497.875,41.45,52.04
53.6,2414.5,1856.5,1767.875,2213.25,1947.5,2449.5,2529,3458.5,3183.75,1495.5,41.45,52.06
53.7,2410.5,1852.25,1766.875,2208,1943.875,2447.125,2528,3455.25,3182.125,1493,41.44,52.01
53.8,2406.375,1847.875,1765.875,2202.625,1940.25,2444.75,2526.875,3451.875,3180.375,1490.375,41.44,52
53.9,2402.375,1843.5,1764.75,2197.25,1936.75,2442.375,2525.875,3448.5,3178.625,1488,41.47,52.01
54.0,2398.375,1839.125,1763.75,2191.875,1933.25,2440.125,2524.875,3445,3176.75,1485.375,41.45,51.95
54.1,2394.25,1834.625,1762.75,2186.5,1929.75,2437.875,2523.75,3441.625,3175,1482.875,41.47,51.91
54.2,2390.125,1830.25,1761.625,2181.125,1926.25,2435.625,2522.75,3438.25,3173.125,1480.375,41.44,51.86
54.3,2386,1825.625,1760.625,2175.625,1922.875,2433.5,2521.625,3434.625,3171.375,1477.875,41.45,51.85
54.4,2381.875,1821.125,1759.625,2170.125,1919.375,2431.375,2520.625,3431.25,3169.5,1475.25,41.44,51.8
54.5,2377.625,1816.5,1758.625,2164.875,1916,2429.25,2519.625,3427.75,3167.75,1472.75,41.45,51.78
54.6,2373.375,1811.875,1757.625,2159.375,1912.625,2427.125,2518.625,3424.25,3166,1470.125,41.44,51.75
54.7,2369.25,1807.375,1756.75,2154,1909.375,2425.125,2517.625,3420.625,3164.25,1467.625,41.45,51.7
54.8,2365,1802.75,1755.75,2148.625,1906,2423.125,2516.5,3417.125,3162.5,1465.125,41.44,51.62
54.9,2360.75,1798.125,1754.75,2143.25,1902.75,2421.125,2515.5,3413.625,3160.875,1462.5,41.44,51.65
55.0,2356.5,1793.5,1753.75,2137.875,1899.625,2419.125,2514.625,3410,3159.125,1459.875,41.44,51.57
55.1,2352.25,1788.875,1752.875,2132.5,1896.5,2417.25,2513.625,3406.5,3157.25,1457.375,41.45,51.5
55.2,2348,1784.25,1752,2127.25,1893.375,2415.375,2512.625,3403,3155.375,1454.75,41.44,51.5
55.3,2343.75,1779.625,1751,2121.875,1890.25,2413.5,2511.75,3399.375,3153.5,1452.25,41.45,51.41
55.4,2339.5,1775,1750.125,2116.75,1887.25,2411.75,2510.75,3395.75,3151.75,1449.75,41.45,51.39
55.5,2335.25,1770.375,1749.25,2111.375,1884.125,2410,2509.875,3392.25,3149.875,1447.25,41.45,51.35
55.6,2331,1765.625,1748.25,2106.125,1881.25,2408.25,2508.875,3388.625,3148.125,1444.625,41.45,51.3
55.7,2326.875,1761.125,1747.375,2101,1878.375,2406.625,2508.125,3385.125,3146.375,1442.125,41.45,51.23
55.8,2322.5,1756.375,1746.5,2095.875,1875.375,2405,2507.125,3381.5,3144.625,1439.625,41.45,51.16
55.9,2318.25,1751.75,1745.625,2090.75,1872.625,2403.375,2506.25,3378,3143,1437.125,41.45,51.14
56.0,2314.125,1747.25,1744.75,2085.5,1869.875,2401.75,2505.375,3374.5,3141.25,1434.75,41.44,51.07
56.1,2309.875,1742.5,1743.875,2080.5,1867.125,2400.25,2504.625,3370.875,3139.625,1432.25,41.45,51.01
56.2,2305.625,1738,1743,2075.375,1864.5,2398.75,2503.75,3367.375,3137.875,1429.875,41.45,50.96
56.3,2301.375,1733.375,1742.25,2070.5,1861.75,2397.25,2503,3363.875,3136.25,1427.375,41.45,50.91
56.4,2297.25,1728.75,1741.25,2065.5,1859.125,2395.875,2502.125,3360.25,3134.5,1425,41.45,50.82
56.5,2293,1724.25,1740.5,2060.5,1856.5,2394.375,2501.5,3356.625,3132.75,1422.625,41.45,50.69
56.6,2288.875,1719.75,1739.625,2055.625,1854,2393,2500.5,3353.25,3131,1420.25,41.44,50.7
56.7,2284.75,1715.25,1738.75,2050.625,1851.5,2391.625,2499.75,3349.75,3129.375,1417.875,41.44,50.66
56.8,2280.5,1710.625,1738,2045.875,1849.125,2390.375,2499,3346.125,3127.75,1415.5,41.47,50.55
56.9,2276.5,1706.125,1737.25,2041,1846.75,2389,2498.25,3342.625,3126.25,1413.25,41.47,50.54
57.0,2272.375,1701.625,1736.375,2036.25,1844.375,2387.75,2497.5,3339.125,3124.5,1410.875,41.45,50.43
57.1,2268.375,1697.125,1735.5,2031.5,1842,2386.5,2496.75,3335.625,3123,1408.625,41.44,50.37
57.2,2264.25,1692.75,1734.75,2026.75,1839.75,2385.25,2496.125,3332.125,3121.375,1406.25,41.44,50.28
57.3,2260.125,1688.25,1734,2022.125,1837.375,2384,2495.375,3328.625,3119.625,1404,41.45,50.23
57.4,2256.125,1683.875,1733.125,2017.5,1835.25,2382.875,2494.75,3325.25,3118,1401.875,41.42,50.14
57.5,2252,1679.375,1732.375,2012.875,1833.125,2381.75,2494,3321.75,3116.375,1399.75,41.44,50.06
57.6,2248,1675,1731.625,2008.25,1831,2380.5,2493.25,3318.375,3114.875,1397.5,41.45,50
57.7,2244,1670.625,1730.875,2003.625,1828.875,2379.5,2492.625,3314.875,3113.25,1395.25,41.45,49.92
57.8,2240.125,1666.25,1730.125,1999.125,1826.75,2378.375,2492,3311.5,3111.625,1393.125,41.42,49.83
57.9,2236,1661.875,1729.375,1994.625,1824.875,2377.375,2491.375,3308,3110.125,1391.125,41.44,49.82
58.0,2232.125,1657.625,1728.625,1990.125,1822.75,2376.25,2490.75,3304.75,3108.5,1389,41.47,49.74
58.1,2228.125,1653.25,1727.875,1985.75,1820.875,2375.25,2490.125,3301.25,3106.875,1386.875,41.45,49.66
58.2,2224.375,1649,1727,1981.375,1819,2374.25,2489.5,3297.875,3105.375,1384.75,41.45,49.58
58.3,2220.375,1644.75,1726.375,1977,1817,2373.25,2489,3294.5,3103.75,1382.75,41.44,49.52
58.4,2216.5,1640.375,1725.625,1972.625,1815.125,2372.25,2488.375,3291.25,3102.25,1380.625,41.44,49.47
58.5,2212.625,1636.25,1724.875,1968.375,1813.375,2371.375,2487.75,3287.875,3100.75,1378.75,41.45,49.39
58.6,2208.875,1632.125,1724.125,1964.125,1811.625,2370.375,2487.125,3284.5,3099.25,1376.625,41.45,49.34
58.7,2205,1627.75,1723.375,1959.875,1809.875,2369.5,2486.625,3281.125,3097.75,1374.75,41.42,49.26
58.8,2201.25,1623.625,1722.625,1955.75,1808.125,2368.75,2486,3277.875,3096.25,1372.75,41.47,49.19
58.9,2197.5,1619.5,1721.875,1951.5,1806.375,2367.75,2485.5,3274.625,3094.75,1370.75,41.45,49.13
59.0,2193.625,1615.375,1721.125,1947.375,1804.625,2366.875,2485,3271.375,3093.25,1368.75,41.44,49.05
59.1,2189.875,1611.25,1720.375,1943.375,1803,2366,2484.375,3268,3091.75,1366.875,41.44,49
59.2,2186.25,1607.25,1719.75,1939.25,1801.375,2365.125,2483.875,3264.75,3090.375,1365,41.42,48.94
59.3,2182.5,1603.25,1719,1935.25,1799.75,2364.375,2483.375,3261.5,3088.875,1363,41.42,48.86
59.4,2178.75,1599.125,1718.25,1931.25,1798.125,2363.5,2482.75,3258.25,3087.5,1361.125,41.45,48.79
59.5,2175.125,1595.125,1717.5,1927.25,1796.625,2362.75,2482.375,3255.125,3086,1359.25,41.45,48.74
59.6,2171.5,1591.25,1716.875,1923.25,1795.125,2361.875,2481.75,3251.875,3084.625,1357.375,41.45,48.67
59.7,2167.875,1587.25,1716.125,1919.375,1793.625,2361.125,2481.25,3248.625,3083.25,1355.625,41.45,48.58
59.8,2164.25,1583.375,1715.375,1915.5,1792.125,2360.375,2480.875,3245.5,3081.75,1353.75,41.45,48.53
59.9,2160.625,1579.5,1714.75,1911.625,1790.75,2359.625,2480.25,3242.375,3080.375,1351.875,41.45,48.46
60.0,2157,1575.625,1714,1907.75,1789.375,2359,2479.75,3239.125,3079,1350.125,41.45,48.4
60.1,2153.5,1571.75,1713.375,1904,1787.875,2358.25,2479.375,3236,3077.5,1348.375,41.44,48.37
60.2,2150,1568,1712.625,1900.25,1786.625,2357.5,2478.875,3232.875,3076.125,1346.625,41.44,48.26
60.3,2146.375,1564.125,1711.875,1896.5,1785.25,2356.75,2478.375,3229.875,3074.875,1344.875,41.44,48.22
60.4,2142.875,1560.375,1711.25,1892.75,1783.875,2356.125,2478,3226.625,3073.375,1343.125,41.42,48.14
60.5,2139.5,1556.625,1710.5,1889.125,1782.625,2355.375,2477.5,3223.5,3072.125,1341.375,41.47,48.13
60.6,2136,1553,1709.875,1885.5,1781.25,2354.75,2477,3220.5,3070.75,1339.75,41.47,48.04
60.7,2132.625,1549.25,1709.125,1881.75,1780.125,2354.125,2476.625,3217.375,3069.5,1338,41.45,48
60.8,2129.125,1545.625,1708.5,1878.25,1778.875,2353.5,2476.25,3214.375,3068.125,1336.375,41.44,47.9
60.9,2125.875,1542,1707.75,1874.625,1777.625,2352.75,2475.75,3211.25,3066.875,1334.75,41.44,47.84
61.0,2122.375,1538.5,1707,1871.125,1776.375,2352.125,2475.375,3208.25,3065.5,1333.125,41.45,47.8
61.1,2119,1534.875,1706.375,1867.625,1775.25,2351.625,2475,3205.125,3064.125,1331.5,41.42,47.79
61.2,2115.75,1531.25,1705.75,1864.125,1774.125,2351,2474.5,3202.25,3062.875,1329.875,41.44,47.68
61.3,2112.375,1527.75,1705,1860.625,1773,2350.375,2474.125,3199.125,3061.625,1328.25,41.45,47.59
